name,lat,lon,provinsi,kabupaten,kecamatan
Woro,-7.1686435,112.0946263,JawaTimur,Bojonegoro,KepohBaru
Ketabang,-7.2577413,112.7475702,JawaTimur,Surabaya,Genteng
Genteng,-7.258511,112.7386147,JawaTimur,Surabaya,Genteng
Embong Kaliasin,-7.2692301,112.7442822,JawaTimur,Surabaya,Genteng
Kapasari,-7.2474521,112.749209,JawaTimur,Surabaya,Genteng
Peneleh,-7.2518361,112.7419957,JawaTimur,Surabaya,Genteng
Genteng,-7.2604033,112.7432439,JawaTimur,Surabaya,Genteng
Kapasan,-7.241759,112.7509015,JawaTimur,Surabaya,Simokerto
Simokerto,-7.2396349,112.7534717,JawaTimur,Surabaya,Simokerto
Simolawang,-7.2332045,112.7480627,JawaTimur,Surabaya,Simokerto
Tambakrejo,-7.2448674,112.7565746,JawaTimur,Surabaya,Simokerto
Sidodadi,-7.2370935,112.7473064,JawaTimur,Surabaya,Simokerto
Simokerto,-7.2379282,112.7571148,JawaTimur,Surabaya,Simokerto
Sidotopo,-7.2295059,112.7510811,JawaTimur,Surabaya,Semampir
Pegirian,-7.2285781,112.7519121,JawaTimur,Surabaya,Semampir
Semampir,-7.2143632,112.7484884,JawaTimur,Surabaya,Semampir
Ampel,-7.2296925,112.7435075,JawaTimur,Surabaya,Semampir
Wonokusumo,-7.2183152,112.7552237,JawaTimur,Surabaya,Semampir
Ujung,-7.2103026,112.7484884,JawaTimur,Surabaya,Semampir
Sidotopo Wetan,-7.2240779,112.7627254,JawaTimur,Surabaya,Kenjeran
Tanah Kali Kedinding,-7.2273059,112.7746418,JawaTimur,Surabaya,Kenjeran
Bulak Banteng,-7.2095022,112.7645804,JawaTimur,Surabaya,Kenjeran
Kenjeran,-7.2161869,112.7716523,JawaTimur,Surabaya,Kenjeran
Tambak Wedi,-7.2099186,112.7741642,JawaTimur,Surabaya,Kenjeran
Sukolilo Baru,-7.2452772,112.7969354,JawaTimur,Surabaya,Bulak
Kedung Cowek,-7.2172476,112.7820908,,,
Bulak,-7.2320133,112.7907637,JawaTimur,Surabaya,Bulak
Kenjeran,-7.2344824,112.7902943,JawaTimur,Surabaya,Bulak
Bulak,-7.2312073,112.780725,JawaTimur,Surabaya,Bulak
Perak Barat,-7.21995,112.7225123,JawaTimur,Surabaya,Krembangan
Morokrembangan,-7.2265302,112.7164698,JawaTimur,Surabaya,Krembangan
Krembangan Selatan,-7.2378825,112.7357013,JawaTimur,Surabaya,Krembangan
Kemayoran,-7.2376534,112.7289352,JawaTimur,Surabaya,Krembangan
Krembangan,-7.2268792,112.724527,JawaTimur,Surabaya,Krembangan
Dupak,-7.2415425,112.7177224,JawaTimur,Surabaya,Krembangan
Jepara,-7.241205,112.7282635,JawaTimur,Surabaya,Krembangan
Alon-Alon Contong,-7.2499919,112.7385968,JawaTimur,Surabaya,Bubutan
Bubutan,-7.2466007,112.7290722,JawaTimur,Surabaya,Bubutan
Tembok Dukuh,-7.2520409,112.7221253,JawaTimur,Surabaya,Bubutan
Gundih,-7.2485512,112.7271865,JawaTimur,Surabaya,Bubutan
Bubutan,-7.25045,112.7324545,JawaTimur,Surabaya,Bubutan
Pakis,-7.2865887,112.721873,JawaTimur,Surabaya,Sawahan
Banyu Urip,-7.2738375,112.7194317,JawaTimur,Surabaya,Sawahan
Putat Jaya,-7.2769269,112.7188867,JawaTimur,Surabaya,Sawahan
Sawahan,-7.2737751,112.7214435,JawaTimur,Surabaya,Sawahan
Petemon,-7.2617451,112.719356,JawaTimur,Surabaya,Sawahan
Sawahan,-7.2625112,112.7290411,JawaTimur,Surabaya,Sawahan
Kupang Krajan,-7.2706142,112.720801,JawaTimur,Surabaya,Sawahan
Sono Kwijenan,-7.2802407,112.7011452,JawaTimur,Surabaya,SukoManunggal
Simomulyo,-7.2626614,112.7115249,JawaTimur,Surabaya,SukoManunggal
Tanjungsari,-7.265988,112.6902726,JawaTimur,Surabaya,SukoManunggal
Simomulyo Baru,-7.2646719,112.7046913,JawaTimur,Surabaya,SukoManunggal
Sukomanunggal,-7.2708869,112.6993857,JawaTimur,Surabaya,SukoManunggal
Sukomanunggal,-7.2636581,112.6946963,JawaTimur,Surabaya,SukoManunggal
Putat Gede,-7.2879365,112.7010493,JawaTimur,Surabaya,SukoManunggal
Tambak Sarioso,-7.2379125,112.6796455,JawaTimur,Surabaya,Asemrowo
Genting Kalianak,-7.2326095,112.7013137,JawaTimur,Surabaya,Asemrowo
Asemrowo,-7.2379125,112.6890051,JawaTimur,Surabaya,Asemrowo
Asemrowo,-7.2435141,112.7044988,JawaTimur,Surabaya,Asemrowo
Pakal,-7.2309921,112.6145008,JawaTimur,Surabaya,Pakal
Sumberrejo,-7.2169164,112.6098148,JawaTimur,Surabaya,Pakal
Babat Jerawat,-7.241025,112.6285629,JawaTimur,Surabaya,Pakal
Benowo,-7.2374626,112.6106547,JawaTimur,Surabaya,Pakal
Pakal,-7.2379624,112.6183152,JawaTimur,Surabaya,Pakal
Bongkaran,-7.2424981,112.7426738,JawaTimur,Surabaya,PabeanCantian
Perak Utara,-7.2093483,112.7275738,JawaTimur,Surabaya,PabeanCantian
Nyamplungan,-7.2311084,112.7415205,JawaTimur,Surabaya,Semampir
Perak Timur,-7.2283596,112.7332107,JawaTimur,Surabaya,PabeanCantian
Dukuh Setro,-7.2371397,112.7772387,JawaTimur,Surabaya,Tambaksari
Tambaksari,-7.2526234,112.7556784,JawaTimur,Surabaya,Tambaksari
Kapasmadya Baru,-7.2405421,112.7661537,JawaTimur,Surabaya,Tambaksari
Gading,-7.2454151,112.7790907,JawaTimur,Surabaya,Tambaksari
Pacar Kembang,-7.2605069,112.7673754,JawaTimur,Surabaya,Tambaksari
Pacar Keling,-7.2616639,112.7575543,JawaTimur,Surabaya,Tambaksari
Rangkah,-7.247085,112.7640882,JawaTimur,Surabaya,Tambaksari
Balongsari,-7.2516622,112.6799646,JawaTimur,Surabaya,Tandes
Tandes,-7.2596035,112.6868476,JawaTimur,Surabaya,Tandes
Banjar Sugihan,-7.2536992,112.6595303,JawaTimur,Surabaya,Tandes
Karangpoh,-7.2662176,112.6792976,JawaTimur,Surabaya,Tandes
Manukan Wetan,-7.2498137,112.6661529,JawaTimur,Surabaya,Tandes
Manukan Kulon,-7.2607413,112.6654293,JawaTimur,Surabaya,Tandes
Tandes,-7.2565245,112.6732399,JawaTimur,Surabaya,Tandes
Kandangan,-7.2495113,112.6495006,JawaTimur,Surabaya,Benowo
Benowo,-7.2249067,112.6571375,JawaTimur,Surabaya,Benowo
Tambakoso Wilangon,-7.211707,112.6636819,JawaTimur,Surabaya,Benowo
Sememi,-7.2433768,112.6394567,JawaTimur,Surabaya,Benowo
Romokalisari,-7.2073763,112.6455936,JawaTimur,Surabaya,Benowo
Ploso,-7.2539356,112.7688198,JawaTimur,Surabaya,Tambaksari
Tambaksari,-7.2510229,112.7694946,JawaTimur,Surabaya,Tambaksari
Menanggal,-7.339886,112.7233632,JawaTimur,Surabaya,Gayungan
Lakarsantri,-7.3125244,112.6528235,JawaTimur,Surabaya,Lakarsantri
Penjaringan Sari,-7.3178485,112.785485,JawaTimur,Surabaya,Rungkut
Klampis Ngasem,-7.2888034,112.7759625,JawaTimur,Surabaya,Sukolilo
Sukolilo,-7.2891145,112.8042776,JawaTimur,Surabaya,Sukolilo
Wonorejo,-7.3103499,112.8156934,JawaTimur,Surabaya,Rungkut
Jambangan,-7.3191125,112.7146719,JawaTimur,Surabaya,Jambangan
Lakarsantri,-7.3000668,112.6336374,JawaTimur,Surabaya,Lakarsantri
Sambikerep,-7.2770527,112.6513272,JawaTimur,Surabaya,Sambikerep
Kejawen Putih Tambak,-7.2719653,112.8136707,JawaTimur,Surabaya,Mulyorejo
Kali Rungkut,-7.3197596,112.7736364,JawaTimur,Surabaya,Rungkut
Bangkingan,-7.3252585,112.6577731,JawaTimur,Surabaya,Lakarsantri
Mulyorejo,-7.2669497,112.7995587,JawaTimur,Surabaya,Mulyorejo
Darmo,-7.2881706,112.7351771,JawaTimur,Surabaya,Tegalsari
Balas Klumprik,-7.3268714,112.6856479,JawaTimur,Surabaya,Wiyung
Medokan Semampir,-7.303407,112.7906047,JawaTimur,Surabaya,Sukolilo
Kebonsari,-7.3271411,112.7155532,JawaTimur,Surabaya,Jambangan
Gebang Putih,-7.2819486,112.7920227,JawaTimur,Surabaya,Sukolilo
Sumur Welut,-7.3268005,112.671784,JawaTimur,Surabaya,Lakarsantri
Rungkut Menanggal,-7.3381495,112.7666601,JawaTimur,Surabaya,GunungAnyar
Manyar Sabrangan,-7.2831908,112.773947,JawaTimur,Surabaya,Sukolilo
Lidah Wetan,-7.3042929,112.6685336,JawaTimur,Surabaya,Lakarsantri
Dukuh Pakis,-7.2915814,112.700362,JawaTimur,Surabaya,SukoManunggal
Dukuh Menanggal,-7.3439455,112.7266703,JawaTimur,Surabaya,Gayungan
Babatan,-7.3021283,112.6809292,JawaTimur,Surabaya,Wiyung
Sambikerep,-7.2750909,112.6552513,JawaTimur,Surabaya,Sambikerep
Ngagel,-7.2884186,112.7444857,JawaTimur,Surabaya,Wonokromo
Warugunung,-7.341529,112.672942,JawaTimur,Surabaya,KarangPilang
Jemur Wonosari,-7.3244476,112.739493,JawaTimur,Surabaya,Wonocolo
Dukuh Pakis,-7.2936633,112.7110143,JawaTimur,Surabaya,DukuhPakis
Pagesangan,-7.3352355,112.7120451,JawaTimur,Surabaya,Jambangan
Ketintang,-7.3185306,112.7266201,JawaTimur,Surabaya,Gayungan
Sawunggaling,-7.3000981,112.7286146,JawaTimur,Surabaya,Wonokromo
Kedungdoro,-7.2632326,112.7356932,JawaTimur,Surabaya,Tegalsari
Gubeng,-7.2845576,112.7607804,JawaTimur,Surabaya,Gubeng
Rungkut,-7.3168803,112.8014326,JawaTimur,Surabaya,Rungkut
Lontar,-7.2772582,112.6680736,JawaTimur,Surabaya,Sambikerep
Semolowaru,-7.3017292,112.7818347,JawaTimur,Surabaya,Sukolilo
Bendul Merisi,-7.3098366,112.7441371,JawaTimur,Surabaya,Wonocolo
SiwalanKerto,-7.3365597,112.7364601,JawaTimur,Surabaya,Wonocolo
Dr. Sutomo,-7.2818337,112.7339015,JawaTimur,Surabaya,Tegalsari
Ngagelrejo,-7.2976275,112.7488217,JawaTimur,Surabaya,Wonokromo
Wonorejo,-7.2706966,112.7313022,JawaTimur,Surabaya,Tegalsari
Baratajaya,-7.2967089,112.758911,JawaTimur,Surabaya,Gubeng
Mojo,-7.2716523,112.7691263,JawaTimur,Surabaya,Gubeng
Gubeng,-7.2726744,112.7493614,JawaTimur,Surabaya,Gubeng
Ngiden Jangkungan,-7.3041985,112.7686024,JawaTimur,Surabaya,Sukolilo
Tenggilis Mejoyo,-7.3203995,112.7577899,JawaTimur,Surabaya,TenggilisMejoyo
Kedung Baruk,-7.3155767,112.7772233,JawaTimur,Surabaya,Rungkut
Rungkut Tengah,-7.3332642,112.7681951,JawaTimur,Surabaya,GunungAnyar
Kendangsari,-7.3238081,112.7516729,JawaTimur,Surabaya,TenggilisMejoyo
Gayungan,-7.3280127,112.7266703,JawaTimur,Surabaya,Gayungan
Tenggilis Mejoyo,-7.3239142,112.7563605,JawaTimur,Surabaya,TenggilisMejoyo
Gunung Anyar,-7.3384486,112.7925211,JawaTimur,Surabaya,GunungAnyar
Gunung Anyar,-7.3391296,112.7892833,JawaTimur,Surabaya,GunungAnyar
Gunungsari,-7.2999127,112.7143887,JawaTimur,Surabaya,DukuhPakis
Wonocolo,-7.3249948,112.7443506,JawaTimur,Surabaya,TenggilisMejoyo
Tegalsari,-7.2709142,112.737995,JawaTimur,Surabaya,Tegalsari
Keputih,-7.2888013,112.8140921,JawaTimur,Surabaya,Sukolilo
Jajar Tunggal,-7.3094585,112.7062172,JawaTimur,Surabaya,Wiyung
Mulyorejo,-7.2683915,112.785004,JawaTimur,Surabaya,Mulyorejo
Margorejo,-7.3151411,112.7409849,JawaTimur,Surabaya,Wonocolo
Rungkut Kidul,-7.3295079,112.7727938,JawaTimur,Surabaya,Rungkut
Kedurus,-7.3208417,112.7049521,JawaTimur,Surabaya,KarangPilang
Karah,-7.3157483,112.7188546,JawaTimur,Surabaya,Jambangan
Sidosermo,-7.3114791,112.7531606,JawaTimur,Surabaya,Wonocolo
Karang Pilang,-7.339573,112.6905596,JawaTimur,Surabaya,KarangPilang
Panjang Jiwo,-7.3110367,112.7621556,JawaTimur,Surabaya,TenggilisMejoyo
Jagir,-7.3058691,112.7460138,JawaTimur,Surabaya,Wonocolo
Jagir,-7.3058691,112.7460138,JawaTimur,Surabaya,Wonokromo
Gayungan,-7.3319551,112.7242117,JawaTimur,Surabaya,Gayungan
Menur Pumpungan,-7.2925354,112.7676102,JawaTimur,Surabaya,Sukolilo
Made,-7.2770442,112.6375824,JawaTimur,Surabaya,Sambikerep
Gunung Anyar Tambak,-7.3383736,112.813827,JawaTimur,Surabaya,GunungAnyar
Wonokromo,-7.3051307,112.730225,JawaTimur,Surabaya,Wonokromo
Dukuh Sutorejo,-7.258021,112.8010189,JawaTimur,Surabaya,Mulyorejo
Jeruk,-7.3013446,112.643242,JawaTimur,Surabaya,Lakarsantri
Medokan Ayu,-7.3227729,112.8128364,JawaTimur,Surabaya,Rungkut
Keputran,-7.2817994,112.743159,JawaTimur,Surabaya,Tegalsari
Wiyung,-7.3114202,112.6932602,JawaTimur,Surabaya,Wiyung
Kertajaya,-7.2824375,112.7561272,JawaTimur,Surabaya,Gubeng
Wiyung,-7.3085574,112.6927289,JawaTimur,Surabaya,Wiyung
Kalisari,-7.2598987,112.8124531,JawaTimur,Surabaya,Mulyorejo
Kalijudan,-7.2561189,112.7826455,JawaTimur,Surabaya,Mulyorejo
Karang Pilang,-7.332066,112.6860741,JawaTimur,Surabaya,KarangPilang
Airlangga,-7.2725631,112.7573493,JawaTimur,Surabaya,Gubeng
Kutisari,-7.3358386,112.7495723,JawaTimur,Surabaya,TenggilisMejoyo
Wonokromo,-7.2941877,112.7382257,JawaTimur,Surabaya,Wonokromo
Bringin,-7.2645554,112.6444185,JawaTimur,Surabaya,Sambikerep
Dukuh Kupang,-7.2812769,112.7084091,JawaTimur,Surabaya,DukuhPakis
Pradahkali Kendal,-7.2885577,112.6911145,JawaTimur,Surabaya,DukuhPakis
Jambangan,-7.3239708,112.7155653,JawaTimur,Surabaya,Jambangan
Lidah Kulon,-7.3029567,112.6558854,JawaTimur,Surabaya,Lakarsantri
Tegalsari,-7.2743384,112.7368648,JawaTimur,Surabaya,Tegalsari
Kebraon,-7.3312434,112.7002411,JawaTimur,Surabaya,KarangPilang
Pucang Sewu,-7.2885325,112.7524725,JawaTimur,Surabaya,Gubeng
Pabean Cantian,-7.2222013,112.7323228,JawaTimur,Surabaya,PabeanCantian
Krembangan Utara,-7.2288814,112.7345963,JawaTimur,Surabaya,PabeanCantian
Waru,-7.3531987,112.7678001,JawaTimur,Sidoarjo,Waru
Taman,-7.3631152,112.6673871,JawaTimur,Sidoarjo,Taman
Krian,-7.4029551,112.5950352,JawaTimur,Sidoarjo,Krian
Balongbendo,-7.4181691,112.524462,JawaTimur,Sidoarjo,BalongBendo
Tarik,-7.4482464,112.5108828,JawaTimur,Sidoarjo,Tarik
Prambon,-7.4683656,112.5813193,JawaTimur,Sidoarjo,Prambon
Krembung,-7.5167602,112.638398,JawaTimur,Sidoarjo,Krembung
Tulangan,-7.4761835,112.6477268,JawaTimur,Sidoarjo,Tulangan
Wonoayu,-7.4281146,112.6292712,JawaTimur,Sidoarjo,Wonoayu
Sukodono,-7.3987026,112.6654114,JawaTimur,Sidoarjo,Sukodono
Sedati,-7.4077286,112.79337,JawaTimur,Sidoarjo,Sedati
Gedangan,-7.3894954,112.7275053,JawaTimur,Sidoarjo,Gedangan
Buduran,-7.4429142,112.7559293,JawaTimur,Sidoarjo,Buduran
Sidoarjo,-7.4736884,112.7417646,JawaTimur,Sidoarjo,Candi
Candi,-7.4853679,112.732052,JawaTimur,Sidoarjo,Candi
Tanggulangin,-7.5056386,112.7218606,JawaTimur,Sidoarjo,Tanggulangin
Porong,-7.530591,112.733627,JawaTimur,Sidoarjo,Tanggulangin
Jabon,-7.5350697,112.7918183,JawaTimur,Sidoarjo,Jabon
Desa Kumendung,-8.3834114,114.3320453,JawaTimur,Banyuwangi,Muncar
Desa Wringin Putih,-8.4781601,114.3474546,JawaTimur,Banyuwangi,Muncar
Dusun Kampung Lor Desa Sukojati,-8.2754119,114.3598688,JawaTimur,Banyuwangi,Kabat
Dusun Kampung Tengah Desa Sukojati,-8.2780005,114.35552,JawaTimur,Banyuwangi,Kabat
Dusun Krajan Desa Sukojati,-8.2870042,114.3556722,JawaTimur,Banyuwangi,Kabat
Dusun Sengon Desa Sukojati,-8.2901468,114.3586278,JawaTimur,Banyuwangi,Kabat
Desa Sukojati,-8.281823,114.3581485,JawaTimur,Banyuwangi,Kabat
Lingkungan Ujung Kelurahan Kepatihan,-8.21272,114.3798872,JawaTimur,Banyuwangi,Banyuwangi
Lingkungan Krajan Kelurahan Kepatihan,-8.2123766,114.3749603,JawaTimur,Banyuwangi,Banyuwangi
Lingkungan Kauman,-8.2096946,114.3748306,JawaTimur,Banyuwangi,Banyuwangi
Kelurahan Kepatihan,-8.2111425,114.3771967,JawaTimur,Banyuwangi,Banyuwangi
Dusun Sengon,-8.2900857,114.358675,JawaTimur,Banyuwangi,Kabat
Dusun Krajan,-8.2853296,114.3556983,JawaTimur,Banyuwangi,Kabat
Dusun Kampung Tengah,-8.2779268,114.3555943,JawaTimur,Banyuwangi,Kabat
Dusun Kampung Lor,-8.2754257,114.3598787,JawaTimur,Banyuwangi,Kabat
Desa Sukojati,-8.2818123,114.3581706,JawaTimur,Banyuwangi,Kabat
Mojopanggung,-8.2169343,114.355303,JawaTimur,Banyuwangi,Giri
Lingkungan Cungking,-8.2169343,114.3542671,JawaTimur,Banyuwangi,Giri
Lingkungan Mojoroto,-8.2142651,114.3586564,JawaTimur,Banyuwangi,Giri
Tamanbaru,-8.2239892,114.361403,JawaTimur,Banyuwangi,Banyuwangi
Tamansari,-8.2244189,114.3605061,JawaTimur,Banyuwangi,Banyuwangi
Kampungbaru,-8.2213983,114.3623337,JawaTimur,Banyuwangi,Banyuwangi
Kreteranggon,-7.3376425,112.3419709,JawaTimur,Lamongan,Sambeng
Selorejo,-7.3339777,112.3189795,JawaTimur,Lamongan,Sambeng
Pamotan,-7.3419662,112.3038635,JawaTimur,Lamongan,Sambeng
Jatipandak,-7.3407226,112.2797262,JawaTimur,Lamongan,Sambeng
Garung,-7.3438162,112.2592729,JawaTimur,Lamongan,Sambeng
Wateswinangun,-7.3411002,112.2415776,JawaTimur,Lamongan,Sambeng
Barurejo,-7.3100982,112.3198427,JawaTimur,Lamongan,Sambeng
Candisari,-7.3130745,112.2946839,JawaTimur,Lamongan,Sambeng
Kedungwangi,-7.314659,112.2693901,JawaTimur,Lamongan,Sambeng
Tenggiring,-7.3169227,112.2519285,JawaTimur,Lamongan,Sambeng
Semampirejo,-7.3172422,112.2359922,JawaTimur,Lamongan,Sambeng
Sidokumpul,-7.3108704,112.2270852,JawaTimur,Lamongan,Sambeng
Pasarlegi,-7.2925323,112.227211,JawaTimur,Lamongan,Sambeng
Sumbersari,-7.2962274,112.238673,JawaTimur,Lamongan,Sambeng
Pataan,-7.2884135,112.259096,JawaTimur,Lamongan,Sambeng
Ardirejo,-7.289629,112.2742612,JawaTimur,Lamongan,Sambeng
Nogojatisari,-7.2814707,112.2926499,JawaTimur,Lamongan,Sambeng
Gempolmanis,-7.2781814,112.317542,JawaTimur,Lamongan,Sambeng
Kedungbanjar,-7.2527389,112.3070526,JawaTimur,Lamongan,Sambeng
Wudi,-7.2294579,112.3011221,JawaTimur,Lamongan,Sambeng
Wonorejo,-7.2519355,112.260111,JawaTimur,Lamongan,Sambeng
Sekidang,-7.240659,112.2548891,JawaTimur,Lamongan,Sugio
Sambeng,-7.2890596,112.2871232,JawaTimur,Lamongan,Sambeng
Lamongrejo,-7.3315474,112.2177363,JawaTimur,Lamongan,Ngimbang
Durikedungjero,-7.3392208,112.2049865,JawaTimur,Lamongan,Ngimbang
Mendogo,-7.3457558,112.1866784,JawaTimur,Lamongan,Ngimbang
Jejel,-7.3343102,112.1737696,JawaTimur,Lamongan,Ngimbang
Gebangangkrik,-7.3328775,112.1630743,JawaTimur,Lamongan,Ngimbang
Ganggantingan,-7.3477921,112.1643614,JawaTimur,Lamongan,Ngimbang
Kedungmentawar,-7.3554788,112.1581853,JawaTimur,Lamongan,Ngimbang
Lawak,-7.3233614,112.1959515,JawaTimur,Lamongan,Ngimbang
Purwokerto,-7.3192334,112.1782603,JawaTimur,Lamongan,Ngimbang
Ngasemlemahbang,-7.317731,112.1652134,JawaTimur,Lamongan,Ngimbang
Cerme,-7.2967959,112.1627806,JawaTimur,Lamongan,Ngimbang
Slaharwotan,-7.2837127,112.1684736,JawaTimur,Lamongan,Ngimbang
Kakatpenjalin,-7.2829755,112.1982019,JawaTimur,Lamongan,Ngimbang
Munungrejo,-7.3044881,112.2047398,JawaTimur,Lamongan,Ngimbang
Ngimbang,-7.2846655,112.2070827,JawaTimur,Lamongan,Ngimbang
Drujugurit,-7.2932859,112.1956643,JawaTimur,Lamongan,Ngimbang
Sendangrejo,-7.278736,112.2230358,JawaTimur,Lamongan,Ngimbang
Girik,-7.2530068,112.2173508,JawaTimur,Lamongan,Ngimbang
Tlemang,-7.246042,112.1902787,JawaTimur,Lamongan,Ngimbang
Ngimbang,-7.2969306,112.1933451,JawaTimur,Lamongan,Ngimbang
Pendowokumpul,-7.3555604,112.1475805,JawaTimur,Lamongan,Sukorame
Wedoro,-7.3542972,112.1359552,JawaTimur,Lamongan,Sukorame
Sewor,-7.3538518,112.1303701,JawaTimur,Lamongan,Sukorame
Kedungrejo,-7.3662856,112.1263763,JawaTimur,Lamongan,Sukorame
Sukorame,-7.352447,112.1112749,JawaTimur,Lamongan,Sukorame
Kedungkumpul,-7.3661968,112.0999444,JawaTimur,Lamongan,Sukorame
Sembung,-7.3383545,112.086363,JawaTimur,Lamongan,Sukorame
Banggle,-7.3168758,112.0848218,JawaTimur,Lamongan,Sukorame
Mragel,-7.3299724,112.1003793,JawaTimur,Lamongan,Sukorame
Sukorame,-7.3451992,112.1135741,JawaTimur,Lamongan,Sukorame
Talunrejo,-7.2968564,112.1024235,JawaTimur,Lamongan,Bluluk
Bluluk,-7.2739792,112.1315302,JawaTimur,Lamongan,Bluluk
Bronjong,-7.2855911,112.1479789,JawaTimur,Lamongan,Bluluk
Kantor Kepala Desa Primpen,-7.3008306,112.1510339,JawaTimur,Lamongan,Bluluk
Sumberbanjar,-7.3284759,112.1461576,JawaTimur,Lamongan,Bluluk
Songowareng,-7.3120975,112.1373808,JawaTimur,Lamongan,Bluluk
Kumitir,-7.5703332,112.4138344,JawaTimur,Mojokerto,Jatirejo
Sumengko,-7.5801662,112.4246025,JawaTimur,Mojokerto,Jatirejo
Jatipasar,-7.5456519,112.3938103,JawaTimur,Mojokerto,Trowulan
Domas,-7.5548198,112.4123385,JawaTimur,Mojokerto,Trowulan
Dinoyo,-7.5913821,112.42949,JawaTimur,Mojokerto,Jatirejo
Gading,-7.5803676,112.4104971,JawaTimur,Mojokerto,Jatirejo
Dukuhngarjo,-7.5884355,112.4048135,JawaTimur,Mojokerto,Jatirejo
Gebangsari,-7.5932404,112.4193313,JawaTimur,Mojokerto,Jatirejo
Jatirejo,-7.6054227,112.4143668,JawaTimur,Mojokerto,Jatirejo
Baureno,-7.6032944,112.4295618,JawaTimur,Mojokerto,Jatirejo
Sumberagung,-7.5995302,112.4414609,JawaTimur,Mojokerto,Jatirejo
Padangasri,-7.5843962,112.4364507,JawaTimur,Mojokerto,Jatirejo
Mojogeneng,-7.5858947,112.445259,JawaTimur,Mojokerto,Jatirejo
Karangjeruk,-7.5804847,112.4520981,JawaTimur,Mojokerto,Jatirejo
Bleberan,-7.6195015,112.4361905,JawaTimur,Mojokerto,Jatirejo
Manting,-7.642674,112.4416665,JawaTimur,Mojokerto,Jatirejo
Jembul,-7.6739381,112.4459385,JawaTimur,Mojokerto,Jatirejo
Sumberjati,-7.6354523,112.4245803,JawaTimur,Mojokerto,Jatirejo
Rejosari,-7.680533,112.4377742,JawaTimur,Mojokerto,Jatirejo
Lebakjabung,-7.6257491,112.4110974,JawaTimur,Mojokerto,Jatirejo
Tawangrejo,-7.7140102,112.4409375,JawaTimur,Mojokerto,Jatirejo
Jatirejo,-7.6715751,112.433513,JawaTimur,Mojokerto,Jatirejo
Jambuwok,-7.5443787,112.4119807,JawaTimur,Mojokerto,Trowulan
Watesumpak,-7.5332323,112.3965913,JawaTimur,Mojokerto,Trowulan
Panggih,-7.5168126,112.39071,JawaTimur,Mojokerto,Trowulan
Bicak,-7.4942723,112.3892114,JawaTimur,Mojokerto,Sooko
Balongwono,-7.4958868,112.380073,JawaTimur,Mojokerto,Trowulan
Tawangsari,-7.5126722,112.3780227,JawaTimur,Mojokerto,Trowulan
Wonorejo,-7.5276942,112.3810444,JawaTimur,Mojokerto,Trowulan
Kejagan,-7.5346839,112.3768248,JawaTimur,Mojokerto,Trowulan
Bejijong,-7.550752,112.3715971,JawaTimur,Mojokerto,Trowulan
Trowulan,-7.5558624,112.3796198,JawaTimur,Mojokerto,Trowulan
Sentonorejo,-7.572417,112.3777882,JawaTimur,Mojokerto,Trowulan
Beloh,-7.5592862,112.3998127,JawaTimur,Mojokerto,Trowulan
Temon,-7.5713471,112.3964029,JawaTimur,Mojokerto,Trowulan
Pakis,-7.5989908,112.3868227,JawaTimur,Mojokerto,Trowulan
Trowulan,-7.5489754,112.3930632,JawaTimur,Mojokerto,Trowulan
Purwotengah,-7.4646704,112.4357132,JawaTimur,KotaMojokerto,Magersari
Sentanan,-7.4690323,112.4334713,JawaTimur,KotaMojokerto,Magersari
Jagalan,-7.4694308,112.4371725,JawaTimur,KotaMojokerto,Magersari
Miji,-7.4758075,112.4351815,JawaTimur,KotaMojokerto,PrajuritKulon
Kranggan,-7.48005,112.4360016,JawaTimur,KotaMojokerto,PrajuritKulon
Meri,-7.4835705,112.4481833,JawaTimur,KotaMojokerto,Magersari
Kranggan,-7.4782257,112.4395374,JawaTimur,KotaMojokerto,PrajuritKulon
Magersari,-7.4651545,112.4501759,JawaTimur,KotaMojokerto,Magersari
Magersari,-7.4592652,112.4378928,JawaTimur,KotaMojokerto,Magersari
Gedongan,-7.4620672,112.4384413,JawaTimur,KotaMojokerto,Magersari
Wates,-7.4550462,112.4499962,JawaTimur,KotaMojokerto,Magersari
Kedundung,-7.464064,112.4586467,JawaTimur,KotaMojokerto,Magersari
Gunung Gedangan,-7.4744489,112.4541833,JawaTimur,KotaMojokerto,Magersari
Balongsari,-7.4685987,112.4429121,JawaTimur,KotaMojokerto,Magersari
Prajurit Kulon,-7.4759196,112.4188207,JawaTimur,KotaMojokerto,PrajuritKulon
Pulorejo,-7.4650241,112.421466,JawaTimur,KotaMojokerto,PrajuritKulon
Kauman,-7.4632099,112.430265,JawaTimur,KotaMojokerto,PrajuritKulon
Mentikan,-7.4670528,112.4278794,JawaTimur,KotaMojokerto,PrajuritKulon
Prajuritkulon,-7.4749496,112.4240903,JawaTimur,KotaMojokerto,PrajuritKulon
Surodinawan,-7.4874488,112.4198527,JawaTimur,KotaMojokerto,PrajuritKulon
Blooto,-7.4827126,112.4132214,JawaTimur,KotaMojokerto,PrajuritKulon
Ngingasrembyong,-7.4683253,112.4103944,JawaTimur,Mojokerto,Sooko
Tempuran,-7.4718673,112.3977189,JawaTimur,Mojokerto,Sooko
Mojoranu,-7.4866272,112.394885,JawaTimur,Mojokerto,Sooko
Karangkedawang,-7.4870961,112.4036884,JawaTimur,Mojokerto,Sooko
Wringinrejo,-7.4981865,112.4145195,JawaTimur,Mojokerto,Sooko
Japan,-7.501393,112.4232054,JawaTimur,Mojokerto,Sooko
Sooko,-7.4897892,112.4282893,JawaTimur,Mojokerto,Sooko
Jampirogo,-7.51046,112.422741,JawaTimur,Mojokerto,Sooko
Sambiroto,-7.5070283,112.4127324,JawaTimur,Mojokerto,Sooko
Modongan,-7.5050367,112.3989466,JawaTimur,Mojokerto,Sooko
Klinterejo,-7.5154383,112.3999661,JawaTimur,Mojokerto,Sooko
Kedungmaling,-7.5195779,112.4106547,JawaTimur,Mojokerto,Sooko
Brangkal,-7.5235219,112.4213296,JawaTimur,Mojokerto,Sooko
Blimbingsari,-7.5405747,112.4196453,JawaTimur,Mojokerto,Sooko
Gemekan,-7.5282021,112.4092328,JawaTimur,Mojokerto,Sooko
Banjaragung,-7.4931044,112.4366004,JawaTimur,Mojokerto,Puri
Balongmojo,-7.5107631,112.4317009,JawaTimur,Mojokerto,Puri
Sumolawang,-7.5124254,112.4497139,JawaTimur,Mojokerto,Puri
Medali,-7.5224824,112.4365715,JawaTimur,Mojokerto,Puri
Kintelan,-7.5352541,112.4274846,JawaTimur,Mojokerto,Puri
Brayung,-7.5347621,112.4384782,JawaTimur,Mojokerto,Puri
Plososari,-7.5554084,112.4279748,JawaTimur,Mojokerto,Puri
Tampungrejo,-7.568702,112.4328652,JawaTimur,Mojokerto,Puri
Ketemasdungus,-7.5493812,112.4420249,JawaTimur,Mojokerto,Puri
Puri,-7.5389107,112.449715,JawaTimur,Mojokerto,Puri
Tangunan,-7.5491104,112.4674661,JawaTimur,Mojokerto,Puri
Kebonagung,-7.539629,112.464967,JawaTimur,Mojokerto,Puri
Mlaten,-7.5279651,112.4572238,JawaTimur,Mojokerto,Puri
Sumbergirang,-7.5226738,112.4607072,JawaTimur,Mojokerto,Puri
Tambakagung,-7.5094293,112.4630357,JawaTimur,Mojokerto,Puri
Gayaman,-7.495341,112.4670677,JawaTimur,Mojokerto,Mojoanyar
Kenanten,-7.4990114,112.4471755,JawaTimur,Mojokerto,Puri
Jabon,-7.4914357,112.4579882,JawaTimur,Mojokerto,Mojoanyar
Gebangmalang,-7.477314,112.4671702,JawaTimur,Mojokerto,Mojoanyar
Sumberjati,-7.4833026,112.476354,JawaTimur,Mojokerto,Mojoanyar
Kepuhanyar,-7.467224,112.4756982,JawaTimur,Mojokerto,Mojoanyar
Lengkong,-7.4529516,112.4711174,JawaTimur,Mojokerto,Mojoanyar
Sadartengah,-7.4700625,112.4864873,JawaTimur,Mojokerto,Mojoanyar
Kwedenkembar,-7.4663249,112.501806,JawaTimur,Mojokerto,Mojoanyar
Ngarjo,-7.4868606,112.4883858,JawaTimur,Mojokerto,Mojoanyar
Wunut,-7.477111,112.4957039,JawaTimur,Mojokerto,Mojoanyar
Jumeneng,-7.4781369,112.5022209,JawaTimur,Mojokerto,Mojoanyar
Kwatu,-7.472752,112.519102,JawaTimur,Mojokerto,Mojoanyar
Pacing,-7.4966484,112.4778893,JawaTimur,Mojokerto,Bangsal
Bangsal,-7.4993231,112.4824827,JawaTimur,Mojokerto,Bangsal
Sumberwono,-7.5119013,112.4782809,JawaTimur,Mojokerto,Bangsal
Peterongan,-7.5129338,112.4868193,JawaTimur,Mojokerto,Bangsal
Kedunguneng,-7.5265055,112.4853236,JawaTimur,Mojokerto,Bangsal
Kutoporong,-7.5365262,112.495282,JawaTimur,Mojokerto,Bangsal
Ngastemi,-7.518804,112.4954183,JawaTimur,Mojokerto,Bangsal
Puloniti,-7.4983087,112.4883823,JawaTimur,Mojokerto,Bangsal
Sumbertebu,-7.5050435,112.4976367,JawaTimur,Mojokerto,Bangsal
Sidomulyo,-7.4947833,112.4960894,JawaTimur,Mojokerto,Bangsal
Gayam,-7.49092,112.4996906,JawaTimur,Mojokerto,Bangsal
Pekuwon,-7.4890402,112.5078072,JawaTimur,Mojokerto,Bangsal
Ngrowo,-7.5033127,112.5134124,JawaTimur,Mojokerto,Bangsal
Tinggarbuntut,-7.477098,112.516924,JawaTimur,Mojokerto,Bangsal
Salen,-7.4896405,112.5164419,JawaTimur,Mojokerto,Bangsal
Mejoyo,-7.4899542,112.5228026,JawaTimur,Mojokerto,Bangsal
Mojotamping,-7.514603,112.5209409,JawaTimur,Mojokerto,Bangsal
Tumapel,-7.5283809,112.4770913,JawaTimur,Mojokerto,Dlanggu
Sumberkarang,-7.5395087,112.4868934,JawaTimur,Mojokerto,Dlanggu
Kedunglengkong,-7.5441007,112.4758722,JawaTimur,Mojokerto,Dlanggu
Ngembeh,-7.5591855,112.4929566,JawaTimur,Mojokerto,Dlanggu
Pohkecik,-7.5563013,112.4815928,JawaTimur,Mojokerto,Dlanggu
Dlanggu,-7.5647072,112.4833678,JawaTimur,Mojokerto,Dlanggu
Randugenengan,-7.5560458,112.463217,JawaTimur,Mojokerto,Dlanggu
Sambilawang,-7.5626571,112.4498535,JawaTimur,Mojokerto,Dlanggu
Jrambe,-7.5653939,112.4652635,JawaTimur,Mojokerto,Dlanggu
Sumbersono,-7.5734005,112.4710194,JawaTimur,Mojokerto,Dlanggu
Mojokarang,-7.5807166,112.4925488,JawaTimur,Mojokerto,Dlanggu
Segunung,-7.5870161,112.4793349,JawaTimur,Mojokerto,Dlanggu
Talok,-7.5824504,112.4644487,JawaTimur,Mojokerto,Dlanggu
Punggul,-7.5993741,112.474521,JawaTimur,Mojokerto,Dlanggu
Kalen,-7.596683,112.4905197,JawaTimur,Mojokerto,Dlanggu
Kedunggede,-7.6001509,112.4970774,JawaTimur,Mojokerto,Dlanggu
Tawar,-7.5963766,112.4577999,JawaTimur,Mojokerto,Gondang
Karangkuten,-7.604498,112.4591178,JawaTimur,Mojokerto,Gondang
Bening,-7.6159881,112.4576022,JawaTimur,Mojokerto,Gondang
Jatidukuh,-7.6336787,112.4592142,JawaTimur,Mojokerto,Gondang
Ngembat,-7.6842465,112.4613332,JawaTimur,Mojokerto,Gondang
Begaganlimo,-7.7091268,112.481446,JawaTimur,Mojokerto,Gondang
Dilem,-7.6652748,112.4711229,JawaTimur,Mojokerto,Gondang
Gumeng,-7.6994657,112.4990124,JawaTimur,Mojokerto,Gondang
Kalikatir,-7.6411603,112.4758803,JawaTimur,Mojokerto,Gondang
Wonoploso,-7.6244849,112.4753938,JawaTimur,Mojokerto,Gondang
Kebontunggul,-7.6251918,112.4877125,JawaTimur,Mojokerto,Gondang
Kemasantani,-7.6320551,112.4947,JawaTimur,Mojokerto,Gondang
Padi,-7.6297315,112.5097598,JawaTimur,Mojokerto,Gondang
Pohjejer,-7.6113053,112.4723133,JawaTimur,Mojokerto,Gondang
Pugeran,-7.6113321,112.4838173,JawaTimur,Mojokerto,Gondang
Gondang,-7.6148664,112.4922079,JawaTimur,Mojokerto,Gondang
Bakalan,-7.6169388,112.5024167,JawaTimur,Mojokerto,Gondang
Centong,-7.6134892,112.5148085,JawaTimur,Mojokerto,Gondang
Pandanarum,-7.6063803,112.530781,JawaTimur,Mojokerto,Pacet
Kuripansari,-7.6005139,112.5468233,JawaTimur,Mojokerto,Pacet
Sumberkembar,-7.6112555,112.5511134,JawaTimur,Mojokerto,Pacet
Tanjungkenongo,-7.614126,112.5393279,JawaTimur,Mojokerto,Pacet
Warugunung,-7.6257837,112.5348573,JawaTimur,Mojokerto,Pacet
Candiwatu,-7.6291119,112.5211465,JawaTimur,Mojokerto,Pacet
Kesimantengah,-7.6428342,112.5230028,JawaTimur,Mojokerto,Pacet
Wiyu,-7.6416846,112.5098391,JawaTimur,Mojokerto,Pacet
Kemiri,-7.6636682,112.5165221,JawaTimur,Mojokerto,Pacet
Cembor,-7.6728889,112.5750836,JawaTimur,Mojokerto,Pacet
Claket,-7.6970987,112.569208,JawaTimur,Mojokerto,Pacet
Padusan,-7.7045345,112.5576849,JawaTimur,Mojokerto,Pacet
Pacet,-7.6961334,112.5497848,JawaTimur,Mojokerto,Pacet
Sajen,-7.698326,112.5228771,JawaTimur,Mojokerto,Pacet
Petak,-7.6462729,112.5356519,JawaTimur,Mojokerto,Pacet
Bendunganjati,-7.6349378,112.5485346,JawaTimur,Mojokerto,Pacet
Mojokembang,-7.6295731,112.5641195,JawaTimur,Mojokerto,Pacet
Nogosari,-7.6476474,112.5709136,JawaTimur,Mojokerto,Pacet
Kembangbelor,-7.6498388,112.5607299,JawaTimur,Mojokerto,Pacet
Cepokolimo,-7.662013,112.550943,JawaTimur,Mojokerto,Pacet
Jatijejer,-7.6130789,112.5719625,JawaTimur,Mojokerto,Trawas
Sugeng,-7.5936334,112.5785197,JawaTimur,Mojokerto,Trawas
Kedungudi,-7.6189719,112.6006424,JawaTimur,Mojokerto,Trawas
Penanggungan,-7.6343044,112.6002116,JawaTimur,Mojokerto,Trawas
Sukosari,-7.6433647,112.576768,JawaTimur,Mojokerto,Trawas
Selotapak,-7.6553154,112.5894158,JawaTimur,Mojokerto,Trawas
Payungrejo,-7.5934325,112.5117535,JawaTimur,Mojokerto,Kutorejo
Simbaringin,-7.59478,112.5273177,JawaTimur,Mojokerto,Kutorejo
Jiyu,-7.5754677,112.5459698,JawaTimur,Mojokerto,Kutorejo
Sampangagung,-7.5822835,112.5361153,JawaTimur,Mojokerto,Kutorejo
Kertosari,-7.581857,112.5188237,JawaTimur,Mojokerto,Kutorejo
Kepuharum,-7.5800884,112.5028713,JawaTimur,Mojokerto,Kutorejo
Gedangan,-7.5618827,112.5033166,JawaTimur,Mojokerto,Kutorejo
Kutorejo,-7.5659859,112.511174,JawaTimur,Mojokerto,Kutorejo
Windurejo,-7.5689321,112.5251228,JawaTimur,Mojokerto,Kutorejo
Pesanggrahan,-7.5596734,112.5365102,JawaTimur,Mojokerto,Kutorejo
Sawo,-7.5521716,112.5229798,JawaTimur,Mojokerto,Kutorejo
Karangdiyeng,-7.548843,112.5086943,JawaTimur,Mojokerto,Kutorejo
Wonodadi,-7.5427952,112.5294674,JawaTimur,Mojokerto,Kutorejo
Singowangi,-7.5360286,112.5368898,JawaTimur,Mojokerto,Kutorejo
Kepuhpandak,-7.5343922,112.5075348,JawaTimur,Mojokerto,Kutorejo
Karangasem,-7.5175081,112.5055856,JawaTimur,Mojokerto,Kutorejo
Kaligoro,-7.5184816,112.5138094,JawaTimur,Mojokerto,Kutorejo
Leminggir,-7.4766001,112.5328607,JawaTimur,Mojokerto,Mojosari
Ngimbangan,-7.4804094,112.5508244,JawaTimur,Mojokerto,Mojosari
Modopuro,-7.4933237,112.5307958,JawaTimur,Mojokerto,Mojosari
Kedunggempol,-7.4887502,112.5426308,JawaTimur,Mojokerto,Mojosari
Kebondalem,-7.4991784,112.5387532,JawaTimur,Mojokerto,Mojosari
Jotangan,-7.499646,112.5500758,JawaTimur,Mojokerto,Mojosari
Randubango,-7.5032779,112.5552005,JawaTimur,Mojokerto,Mojosari
Pekukuhan,-7.513787,112.5297283,JawaTimur,Mojokerto,Mojosari
Menanggal,-7.514342,112.5428428,JawaTimur,Mojokerto,Mojosari
Mojosulur,-7.5219799,112.5489014,JawaTimur,Mojokerto,Mojosari
Kauman,-7.5228279,112.5571229,JawaTimur,Mojokerto,Mojosari
Sarirejo,-7.522807,112.5600682,JawaTimur,Mojokerto,Mojosari
Sawahan,-7.5233784,112.5637039,JawaTimur,Mojokerto,Mojosari
Mojosari,-7.519745,112.5604589,JawaTimur,Mojokerto,Mojosari
Wonokusumo,-7.5174355,112.5599366,JawaTimur,Mojokerto,Mojosari
Seduri,-7.5135679,112.560082,JawaTimur,Mojokerto,Mojosari
Awang-awang,-7.5335616,112.5548128,JawaTimur,Mojokerto,Mojosari
Belahantengah,-7.5296572,112.5411531,JawaTimur,Mojokerto,Mojosari
Sumbertanggul,-7.5253319,112.5285889,JawaTimur,Mojokerto,Mojosari
Bangun,-7.4842731,112.5696707,JawaTimur,Mojokerto,Pungging
Ngrame,-7.4966647,112.563325,JawaTimur,Mojokerto,Pungging
Watukenongo,-7.5001571,112.5739776,JawaTimur,Mojokerto,Pungging
Kedungmungal,-7.4980369,112.5874841,JawaTimur,Mojokerto,Pungging
Jabontegal,-7.5067656,112.5809512,JawaTimur,Mojokerto,Pungging
Balongmasin,-7.5127641,112.5899398,JawaTimur,Mojokerto,Pungging
Kembangringgit,-7.5266726,112.5980916,JawaTimur,Mojokerto,Pungging
Pungging,-7.5268736,112.5804923,JawaTimur,Mojokerto,Pungging
Tunggalpager,-7.5186543,112.5730397,JawaTimur,Mojokerto,Pungging
Lebaksono,-7.5340109,112.5651612,JawaTimur,Mojokerto,Pungging
Jatilangkung,-7.5440799,112.5439659,JawaTimur,Mojokerto,Pungging
Banjartanggul,-7.545156,112.5526431,JawaTimur,Mojokerto,Pungging
Kalipuro,-7.5409176,112.5694052,JawaTimur,Mojokerto,Pungging
Randuharjo,-7.5480745,112.5862056,JawaTimur,Mojokerto,Ngoro
Sekargadung,-7.5548835,112.5680553,JawaTimur,Mojokerto,Pungging
Tempuran,-7.5588491,112.5518446,JawaTimur,Mojokerto,Pungging
Mojorejo,-7.5729159,112.5571701,JawaTimur,Mojokerto,Pungging
Curahmojo,-7.5681507,112.5725696,JawaTimur,Mojokerto,Pungging
Purworejo,-7.5867323,112.5628784,JawaTimur,Mojokerto,Pungging
Tanjangrono,-7.5141495,112.6083862,JawaTimur,Mojokerto,Ngoro
Sukoanyar,-7.5211234,112.6088372,JawaTimur,Mojokerto,Ngoro
Jasem,-7.533689,112.6103648,JawaTimur,Mojokerto,Ngoro
Bandarasri,-7.5325577,112.6313079,JawaTimur,Sidoarjo,Krembung
Tambakrejo,-7.54302,112.6478103,JawaTimur,Mojokerto,Ngoro
Watesnegoro,-7.566974,112.6542678,JawaTimur,Mojokerto,Ngoro
Candiharjo,-7.5470842,112.6381382,JawaTimur,Mojokerto,Ngoro
Kembangsri,-7.5382515,112.6234225,JawaTimur,Mojokerto,Ngoro
Sedati,-7.5445902,112.6150152,JawaTimur,Mojokerto,Ngoro
Purwojati,-7.5431736,112.5986204,JawaTimur,Mojokerto,Ngoro
Lolawang,-7.5585887,112.6048609,JawaTimur,Mojokerto,Ngoro
Ngoro,-7.5559568,112.6221713,JawaTimur,Mojokerto,Ngoro
Wonosari,-7.5581861,112.6330672,JawaTimur,Mojokerto,Ngoro
Manduro Manggung Gajah,-7.5836426,112.6360183,JawaTimur,Mojokerto,Ngoro
Kutogirang,-7.565689,112.587776,JawaTimur,Mojokerto,Ngoro
Srigading,-7.5872989,112.5892487,JawaTimur,Mojokerto,Ngoro
Kesemen,-7.5818313,112.5784466,JawaTimur,Mojokerto,Ngoro
Betro,-7.4483212,112.3431498,JawaTimur,Mojokerto,Kemlagi
Watesprojo,-7.4476426,112.3394865,JawaTimur,Mojokerto,Kemlagi
Kedungsari,-7.4466288,112.3596436,JawaTimur,Mojokerto,Gedek
Mojosarirejo,-7.4291031,112.3488187,JawaTimur,Mojokerto,Kemlagi
Mojojajar,-7.4305187,112.3603294,JawaTimur,Mojokerto,Kemlagi
Beratkulon,-7.426263,112.3706672,JawaTimur,Mojokerto,Kemlagi
Mojowiryo,-7.4181221,112.3546036,JawaTimur,Mojokerto,Kemlagi
Mojowatesrejo,-7.4056046,112.3523564,JawaTimur,Mojokerto,Kemlagi
Mojogebang,-7.4084381,112.3631711,JawaTimur,Mojokerto,Kemlagi
Mojopilang,-7.4091511,112.3747947,JawaTimur,Mojokerto,Kemlagi
Mojokusumo,-7.4141379,112.3790933,JawaTimur,Mojokerto,Kemlagi
Japanan,-7.4172698,112.3897129,JawaTimur,Mojokerto,Kemlagi
Mojodowo,-7.3869241,112.3461977,JawaTimur,Mojokerto,Kemlagi
Pandankrajan,-7.3887718,112.3559954,JawaTimur,Mojokerto,Kemlagi
Mojokumpul,-7.4021487,112.3957843,JawaTimur,Mojokerto,Kemlagi
Tanjungan,-7.3889992,112.4001434,JawaTimur,Mojokerto,Kemlagi
Mojodadi,-7.3960194,112.3806737,JawaTimur,Mojokerto,Kemlagi
Kemlagi,-7.3947647,112.3742782,JawaTimur,Mojokerto,Kemlagi
Mojorejo,-7.3860052,112.3827261,JawaTimur,Mojokerto,Kemlagi
Mojowono,-7.3756839,112.3543462,JawaTimur,Mojokerto,Kemlagi
Simongagrok,-7.3377647,112.3588288,JawaTimur,Mojokerto,DawarBlandong
Sumberwuluh,-7.3365597,112.3839529,JawaTimur,Mojokerto,DawarBlandong
Gunungsari,-7.3497401,112.403871,JawaTimur,Mojokerto,DawarBlandong
Talunblandong,-7.3191629,112.4131816,JawaTimur,Mojokerto,DawarBlandong
Cinandang,-7.3307455,112.4074511,JawaTimur,Mojokerto,DawarBlandong
Dawarblandong,-7.3356515,112.418166,JawaTimur,Mojokerto,DawarBlandong
Pulorejo,-7.3241609,112.4305098,JawaTimur,Mojokerto,DawarBlandong
Jatirowo,-7.3449049,112.4313695,JawaTimur,Mojokerto,DawarBlandong
Banyulegi,-7.3163512,112.4468676,JawaTimur,Mojokerto,DawarBlandong
Gunungan,-7.3197796,112.4546208,JawaTimur,Mojokerto,DawarBlandong
Temuireng,-7.3232361,112.4671807,JawaTimur,Mojokerto,DawarBlandong
Randegan,-7.3180974,112.476047,JawaTimur,Mojokerto,DawarBlandong
Madureso,-7.342229,112.4741341,JawaTimur,Mojokerto,DawarBlandong
Brayublandong,-7.345632,112.4580007,JawaTimur,Mojokerto,DawarBlandong
Pucuk,-7.3424897,112.4432887,JawaTimur,Mojokerto,DawarBlandong
Bangeran,-7.3695476,112.4428291,JawaTimur,Mojokerto,DawarBlandong
Suru,-7.364027,112.4295907,JawaTimur,Mojokerto,DawarBlandong
Lakardowo,-7.3686686,112.4645003,JawaTimur,Mojokerto,Jetis
Sidorejo,-7.3885322,112.4745477,JawaTimur,Mojokerto,Jetis
Perning,-7.4067289,112.4851446,JawaTimur,Mojokerto,Jetis
Parengan,-7.3947317,112.4645351,JawaTimur,Mojokerto,Jetis
Jetis,-7.414924,112.4713727,JawaTimur,Mojokerto,Jetis
Mojolebak,-7.4007011,112.458051,JawaTimur,Mojokerto,Jetis
Bendung,-7.3929318,112.432712,JawaTimur,Mojokerto,Jetis
Canggu,-7.4299697,112.4590418,JawaTimur,Mojokerto,Jetis
Penompo,-7.4376295,112.4457454,JawaTimur,Mojokerto,Jetis
Mlirip,-7.446985,112.4463432,JawaTimur,Mojokerto,Jetis
Ngabar,-7.4189802,112.4430105,JawaTimur,Mojokerto,Jetis
Kupang,-7.4055419,112.4302932,JawaTimur,Mojokerto,Jetis
Jolotundo,-7.4011794,112.4207765,JawaTimur,Mojokerto,Jetis
Mojorejo,-7.3877612,112.4133766,JawaTimur,Mojokerto,Jetis
Cendoro,-7.3599332,112.3913287,JawaTimur,Mojokerto,DawarBlandong
Sawo,-7.4151255,112.4053483,JawaTimur,Mojokerto,Jetis
Banjarsari,-7.4213869,112.4174737,JawaTimur,Mojokerto,Jetis
Gembongan,-7.4487278,112.3777835,JawaTimur,Mojokerto,Gedek
Ngareskidul,-7.4518982,112.3636225,JawaTimur,Mojokerto,Gedek
Beratwetan,-7.4379659,112.379622,JawaTimur,Mojokerto,Gedek
Gempolkerep,-7.4486264,112.3862359,JawaTimur,Mojokerto,Gedek
Bandung,-7.4421131,112.3944782,JawaTimur,Mojokerto,Gedek
Gedeg,-7.4523939,112.3965131,JawaTimur,Mojokerto,Gedek
Jerukseger,-7.4307535,112.3958303,JawaTimur,Mojokerto,Gedek
Pagerjo,-7.4369966,112.4075845,JawaTimur,Mojokerto,Gedek
Pagerluyung,-7.4494628,112.4042845,JawaTimur,Mojokerto,Gedek
Kemantren,-7.4493011,112.4131894,JawaTimur,Mojokerto,Gedek
Batankrajan,-7.4344045,112.4161955,JawaTimur,Mojokerto,Gedek
Terusan,-7.4505214,112.4270575,JawaTimur,Mojokerto,Gedek
Balongsari,-7.4288319,112.4253782,JawaTimur,Mojokerto,Gedek
Sidoharjo,-7.441765,112.4299123,JawaTimur,Mojokerto,Gedek
Latsari,-6.8915584,112.0440008,JawaTimur,Tuban,Tuban
Kembangbilo,-6.9046826,112.0289909,JawaTimur,Tuban,Tuban
Karang,-6.9072873,112.0470797,JawaTimur,Tuban,Semanding
Gedongombo,-6.9174287,112.0756664,JawaTimur,Tuban,Semanding
Tuban,-6.8931354,112.040719,JawaTimur,Tuban,Tuban
Semanding,-6.962994,112.0525827,JawaTimur,Tuban,Semanding
Baturetno,-6.8983483,112.0713622,JawaTimur,Tuban,Tuban
Sendangharjo,-6.8968713,112.0675436,JawaTimur,Tuban,Tuban
Kutorejo,-6.8936661,112.0641586,JawaTimur,Tuban,Tuban
Sukolilo,-6.8981486,112.0775211,JawaTimur,Tuban,Tuban
Palang,-6.9379383,112.1426794,JawaTimur,Tuban,Palang
Panyuran,-6.9045835,112.0870529,JawaTimur,Tuban,Palang
Kingking,-6.8906033,112.0546006,JawaTimur,Tuban,Tuban
Karangsari,-6.8872955,112.053667,JawaTimur,Tuban,Tuban
Sugihwaras,-6.8663247,112.028685,JawaTimur,Tuban,Jenu
Jenu,-6.8236556,111.969869,JawaTimur,Tuban,Jenu
Perbon,-6.8843075,112.0336787,JawaTimur,Tuban,Tuban
Sugiharjo,-6.9028221,112.0160864,JawaTimur,Tuban,Tuban
Mondokan,-6.8799923,112.0251833,JawaTimur,Tuban,Tuban
Sumurgung,-6.8969849,112.009552,JawaTimur,Tuban,Tuban
Merakurak,-6.8774551,111.9616687,JawaTimur,Tuban,Merakurak
Bogorejo,-6.8804289,112.0105758,JawaTimur,Tuban,Merakurak
Boto,-6.9170494,112.0061379,JawaTimur,Tuban,Semanding
Tegalagung,-6.9136291,112.0393697,JawaTimur,Tuban,Semanding
Bejagung,-6.9170797,112.0613005,JawaTimur,Tuban,Semanding
Sumberjo,-6.8675241,112.0075724,JawaTimur,Tuban,Merakurak
Tasikmadu,-6.9067218,112.1000124,JawaTimur,Tuban,Palang
Tegalbang,-6.9270339,112.1009983,JawaTimur,Tuban,Palang
Kowang,-6.9429929,112.0820716,JawaTimur,Tuban,Semanding
Penambangan,-6.9501608,112.0623084,JawaTimur,Tuban,Semanding
Bektiharjo,-6.9580918,112.0341782,JawaTimur,Tuban,Semanding
Sambongrejo,-6.978744,112.0692648,JawaTimur,Tuban,Semanding
Genaharjo,-6.9617791,112.0788477,JawaTimur,Tuban,Semanding
Semanding,-6.9289344,112.0647871,JawaTimur,Tuban,Semanding
Krajan,-6.9384233,112.0604825,JawaTimur,Tuban,Semanding
Baru,-6.9408804,112.0682468,JawaTimur,Tuban,Semanding
Bogoran,-6.9478206,112.065815,JawaTimur,Tuban,Semanding
Kopen,-6.9482256,112.0570825,JawaTimur,Tuban,Semanding
Molo,-6.9599575,112.0571329,JawaTimur,Tuban,Semanding
Karangrejo,-6.9556452,112.0651857,JawaTimur,Tuban,Semanding
Sendanghaji,-6.8744897,112.0029201,JawaTimur,Tuban,Merakurak
Prunggahan Kulon,-6.9332448,112.034408,JawaTimur,Tuban,Semanding
Prunggahan Wetan,-6.9324099,112.0540278,JawaTimur,Tuban,Semanding
Sumurgung,-6.9112076,112.1057949,JawaTimur,Tuban,Palang
Jadi,-6.9475785,111.9940898,JawaTimur,Tuban,Semanding
Gesikan,-6.988674,111.9973068,JawaTimur,Tuban,Grabagan
Ngino,-7.004596,112.0678081,JawaTimur,Tuban,Semanding
Plumpang,-7.0454427,112.106835,JawaTimur,Tuban,Plumpang
Gesing,-6.9660342,112.1143599,JawaTimur,Tuban,Semanding
Widang,-7.0395341,112.1687381,JawaTimur,Tuban,Widang
Bukit Karang,-6.9036644,112.0379514,JawaTimur,Tuban,Semanding
Krajan,-6.9089067,112.0524237,JawaTimur,Tuban,Semanding
Wire,-6.9065518,112.0751439,JawaTimur,Tuban,Semanding
Jarkali,-6.9086527,112.0620641,JawaTimur,Tuban,Semanding
Dondong,-6.9129712,112.0731043,JawaTimur,Tuban,Semanding
Widengan,-6.9170715,112.0853774,JawaTimur,Tuban,Semanding
Kiring,-6.9266063,112.0806228,JawaTimur,Tuban,Semanding
Semanding Barat,-6.9290996,112.0587157,JawaTimur,Tuban,Semanding
Semanding Timur,-6.9286609,112.0679927,JawaTimur,Tuban,Semanding
Besaran,-6.9117161,112.0623044,JawaTimur,Tuban,Semanding
Ngemplak,-6.9176613,112.0656058,JawaTimur,Tuban,Semanding
Krajan,-6.9150194,112.0616017,JawaTimur,Tuban,Semanding
Klampok,-6.9162656,112.0577512,JawaTimur,Tuban,Semanding
Bejagung Kidul,-6.9203083,112.0608166,JawaTimur,Tuban,Semanding
Taragan,-6.9237433,112.0561206,JawaTimur,Tuban,Semanding
Kuthi,-6.8833556,112.0146654,JawaTimur,Tuban,Merakurak
Jedung,-6.8775891,112.0163377,JawaTimur,Tuban,Merakurak
Nggirsapi,-6.8560925,112.0149928,JawaTimur,Tuban,Jenu
Karangrejo,-6.8828702,112.0464432,JawaTimur,Tuban,Jenu
Jabung,-6.8640314,112.0211558,JawaTimur,Tuban,Jenu
Keduran,-6.9069894,112.0866794,JawaTimur,Tuban,Palang
Prambatan,-6.8991082,112.0984538,JawaTimur,Tuban,Palang
Pojuna,-6.8999809,112.104193,JawaTimur,Tuban,Palang
Dukoh,-6.9105586,112.0989938,JawaTimur,Tuban,Palang
Pasekan,-6.9100814,112.0933725,JawaTimur,Tuban,Palang
Dukoh,-6.9113442,112.0509065,JawaTimur,Tuban,Semanding
Sawahan,-6.9141016,112.0503094,JawaTimur,Tuban,Semanding
Kowang Utara,-6.9347364,112.0838929,JawaTimur,Tuban,Semanding
Kowang Selatan,-6.9446003,112.0820716,JawaTimur,Tuban,Semanding
Krajan,-6.9217736,112.0503779,JawaTimur,Tuban,Semanding
Tlogo,-6.9230837,112.0386982,JawaTimur,Tuban,Semanding
Jarum,-6.9311843,112.0412287,JawaTimur,Tuban,Semanding
Tlogopule,-6.9408363,112.0246,JawaTimur,Tuban,Semanding
Mojokepek,-6.9223768,112.0228586,JawaTimur,Tuban,Semanding
Ngimbang,-6.9660599,112.1446706,JawaTimur,Tuban,Palang
Grabagan,-7.0027638,111.9966625,JawaTimur,Tuban,Grabagan
Rengel,-7.0826443,112.0196825,JawaTimur,Tuban,Rengel
Soko,-7.0985517,111.9415855,JawaTimur,Tuban,Soko
Parengan,-7.0637185,111.8473152,JawaTimur,Tuban,Parengan
Montong,-6.9744637,111.8841297,JawaTimur,Tuban,Montong
Kerek,-6.8835715,111.8460241,JawaTimur,Tuban,Kerek
Tambakboyo,-6.8462306,111.8150021,JawaTimur,Tuban,Tambakboyo
Singgahan,-6.9780339,111.7735291,JawaTimur,Tuban,Singgahan
Senori,-7.0376255,111.7230001,JawaTimur,Tuban,Senori
Bangilan,-6.9615928,111.7104489,JawaTimur,Tuban,Bangilan
Jatirogo,-6.8655131,111.6800477,JawaTimur,Tuban,Jatirogo
Kenduruan,-6.9371493,111.628666,JawaTimur,Tuban,Kenduruan
Gowah,-6.9575067,112.0033035,JawaTimur,Tuban,Semanding
Tloganongko,-6.9672617,111.9962766,JawaTimur,Tuban,Semanding
Selang,-6.9560122,111.9783073,JawaTimur,Tuban,Semanding
Gembul,-6.9491749,111.9819472,JawaTimur,Tuban,Semanding
Jarum,-6.9440313,112.0070069,JawaTimur,Tuban,Semanding
Krajan,-6.9296923,112.0035782,JawaTimur,Tuban,Semanding
Krajan,-6.9492706,112.040053,JawaTimur,Tuban,Semanding
Medokan,-6.9737469,112.0345214,JawaTimur,Tuban,Semanding
Bogor,-6.962623,112.0276708,JawaTimur,Tuban,Semanding
Drudi,-6.9762402,112.0579287,JawaTimur,Tuban,Semanding
Jeruk Gulung,-6.9803766,112.0752976,JawaTimur,Tuban,Semanding
Janten,-6.9966768,112.0778753,JawaTimur,Tuban,Semanding
Krajan,-6.9910816,112.0610545,JawaTimur,Tuban,Semanding
Mangkung,-7.0063543,112.0508198,JawaTimur,Tuban,Semanding
Compleng,-7.0129692,112.0697253,JawaTimur,Tuban,Semanding
Gempol,-6.9733825,112.0860423,JawaTimur,Tuban,Semanding
Krajan,-6.9670933,112.0668392,JawaTimur,Tuban,Semanding
Maren,-6.9582015,112.0667083,JawaTimur,Tuban,Semanding
Gemanting,-6.9612423,112.0847093,JawaTimur,Tuban,Semanding
Sendang Pancar,-6.9488881,112.0755489,JawaTimur,Tuban,Semanding
Sidorejo,-6.9668027,112.1366642,JawaTimur,Tuban,Palang
Pakah,-6.9740393,112.1143599,JawaTimur,Tuban,Semanding
Krajan,-6.9638981,112.114994,JawaTimur,Tuban,Semanding
Kepet,-6.9518631,112.0996568,JawaTimur,Tuban,Semanding
Jembel,-6.8717982,112.0339922,JawaTimur,Tuban,Jenu
SPELOT,-8.374818,112.8888077,JawaTimur,Malang,TirtoYudo
KRAJAN,-8.3553916,112.8745175,JawaTimur,Malang,Ampelgading
PUJIARJO,-8.3743287,112.8976107,JawaTimur,Malang,TirtoYudo
ARGOMULYO,-8.1981752,112.9005705,JawaTimur,Malang,Ampelgading
ARGOSUKO,-8.194952,112.884879,JawaTimur,Malang,Ampelgading
ARGOSARI,-8.198142,112.89145,JawaTimur,Malang,Ampelgading
ARGOYUWONO,-8.1750578,112.8955732,JawaTimur,Malang,Ampelgading
Purwodadi,-8.3712267,112.8184533,JawaTimur,Malang,TirtoYudo
Dusun Sukorejo,-8.38376,112.574895,JawaTimur,Malang,Gedangan
Dusun Gombangan,-8.3461426,112.581393,JawaTimur,Malang,Gedangan
Dusun Sumber Alun,-8.35122,112.5986606,JawaTimur,Malang,Gedangan
Dusun Pohkecik,-8.327182,112.6015082,JawaTimur,Malang,Gedangan
TUMPAKREJO,-8.3602465,112.5846531,JawaTimur,Malang,Gedangan
Ngronggot,-7.6716432,112.0590617,JawaTimur,Nganjuk,Ngronggot
Ngronggot,-7.6755674,112.0551636,JawaTimur,Nganjuk,Ngronggot
Kelurahan,-7.647573,112.060107,JawaTimur,Nganjuk,Ngronggot
Trayang,-7.6472648,112.0861373,JawaTimur,Nganjuk,Ngronggot
Kalianyar,-7.6346508,112.0641947,JawaTimur,Nganjuk,Ngronggot
Dadapan,-7.6580589,112.0772701,JawaTimur,Nganjuk,Ngronggot
Banjarsari,-7.6738064,112.0711585,JawaTimur,Nganjuk,Ngronggot
Kelutan,-7.694179,112.0663813,JawaTimur,Nganjuk,Ngronggot
Juwet,-7.7127483,112.0538634,JawaTimur,Nganjuk,Ngronggot
Cengkok,-7.6942872,112.0393306,JawaTimur,Nganjuk,Ngronggot
Mojokendil,-7.671422,112.0360838,JawaTimur,Nganjuk,Ngronggot
Kaloran,-7.6286068,112.0486834,JawaTimur,Nganjuk,Ngronggot
Tanjung Kalang,-7.7090312,112.0452636,JawaTimur,Nganjuk,Ngronggot
Betet,-7.646753,112.0431447,JawaTimur,Nganjuk,Ngronggot
Kelurahan Penarukan,-8.138995,112.5801645,JawaTimur,Malang,Kepanjen
Jenu,-6.8490056,112.009928,JawaTimur,Tuban,Jenu
Krajan,-6.8382741,112.0091983,JawaTimur,Tuban,Jenu
Kejenon,-6.8527572,112.009928,JawaTimur,Tuban,Jenu
Ngablak,-6.8660945,112.0021803,JawaTimur,Tuban,Merakurak
Pomahan,-6.8710121,112.0106428,JawaTimur,Tuban,Merakurak
Sirep,-6.8654152,112.0100231,JawaTimur,Tuban,Merakurak
Sadang,-6.8739159,111.999617,JawaTimur,Tuban,Merakurak
Teratih,-6.8754929,112.004462,JawaTimur,Tuban,Merakurak
Tegalsari,-8.1644398,112.5712463,JawaTimur,Malang,Kepanjen
Kemiri,-8.1704339,112.5608175,JawaTimur,Malang,Kepanjen
Kedungpedaringan,-8.1480211,112.5794573,JawaTimur,Malang,Kepanjen
Tegalrejo,-6.9177508,111.9786668,JawaTimur,Tuban,Merakurak
Krajan,-6.9216203,112.1060729,JawaTimur,Tuban,Palang
Sumbersari,-6.9321768,112.0989189,JawaTimur,Tuban,Palang
Dawung,-6.9320226,112.1128883,JawaTimur,Tuban,Palang
Krajan,-6.929349,112.1132191,JawaTimur,Tuban,Palang
Semambung,-6.9336156,112.1078921,JawaTimur,Tuban,Palang
Klagen,-6.9372184,112.1161687,JawaTimur,Tuban,Palang
Wotan,-6.914112,112.1095624,JawaTimur,Tuban,Palang
Kradenan,-6.9108138,112.1171363,JawaTimur,Tuban,Palang
Karangrejo,-6.9106883,112.1140149,JawaTimur,Tuban,Palang
Ketambul,-6.9426764,112.1943702,JawaTimur,Tuban,Palang
Monyuk,-6.9317802,112.1997473,JawaTimur,Tuban,Palang
Setro,-6.9326681,112.1880841,JawaTimur,Tuban,Palang
Tambul,-6.9171319,112.1918792,JawaTimur,Tuban,Palang
Wangun,-6.9526137,112.1688859,JawaTimur,Tuban,Palang
Wangun Barat,-6.9526137,112.1655278,JawaTimur,Tuban,Palang
Wangun Timur,-6.949676,112.1736371,JawaTimur,Tuban,Palang
Cepokorejo,-6.9377825,112.1785464,JawaTimur,Tuban,Palang
Randu Geneng,-6.923583,112.1756269,JawaTimur,Tuban,Palang
Caper,-6.943904,112.1829257,JawaTimur,Tuban,Palang
Waru,-6.9614233,112.1852397,JawaTimur,Tuban,Palang
Karang Lor,-6.9096106,112.1734281,JawaTimur,Tuban,Palang
Pliwetan,-6.9047256,112.1724046,JawaTimur,Tuban,Palang
Karangagung,-6.898218,112.1632265,,,
Karangagung Timur,-6.897769,112.1694289,JawaTimur,Tuban,Palang
Karangagung Tengah,-6.9005658,112.1652273,JawaTimur,Tuban,Palang
Karangagung Barat,-6.9001428,112.1592264,JawaTimur,Tuban,Palang
Leran Wetan,-6.9278468,112.1589712,JawaTimur,Tuban,Palang
Karang Dowo,-6.9141584,112.1620772,JawaTimur,Tuban,Palang
Larang Wetan,-6.925362,112.1556379,JawaTimur,Tuban,Palang
Karang Langan,-6.9410078,112.1546186,JawaTimur,Tuban,Palang
Leran Kulon,-6.9239483,112.1498794,JawaTimur,Tuban,Palang
Kedaton,-6.905848,112.1546012,JawaTimur,Tuban,Palang
Krajan,-6.9232229,112.1512089,JawaTimur,Tuban,Palang
Layut,-6.9338737,112.147537,JawaTimur,Tuban,Palang
Sejuwet,-6.9154631,112.1503861,JawaTimur,Tuban,Palang
Cendoro,-6.9311428,112.1287839,JawaTimur,Tuban,Palang
Cendoro Selatan,-6.9340858,112.1278913,JawaTimur,Tuban,Palang
Cendoro Utara,-6.9241398,112.1295906,JawaTimur,Tuban,Palang
Pucangan,-6.9327209,112.1333042,JawaTimur,Tuban,Palang
Pomahan,-6.9165949,112.1303678,JawaTimur,Tuban,Palang
Krajan,-6.9244482,112.1402799,JawaTimur,Tuban,Palang
Singget,-6.942717,112.1345353,JawaTimur,Tuban,Palang
Glodog,-6.9059996,112.1453326,JawaTimur,Tuban,Palang
Sidorejo,-6.8988492,112.1487763,JawaTimur,Tuban,Palang
Krajan,-6.9080246,112.1452393,JawaTimur,Tuban,Palang
Gesikharjo,-6.9067609,112.1325121,JawaTimur,Tuban,Palang
Palang,-6.9006076,112.1414397,,,
Rembes,-6.9055331,112.1285049,JawaTimur,Tuban,Palang
Gemulung,-6.9092091,112.1330776,JawaTimur,Tuban,Palang
Gesik,-6.9053563,112.1360843,JawaTimur,Tuban,Palang
Palang Selatan,-6.9040303,112.1414487,JawaTimur,Tuban,Palang
Palang Utara,-6.8986427,112.1414392,,,
Tunah,-6.9483516,112.1108193,JawaTimur,Tuban,Semanding
Dukuhan,-6.8844075,112.027994,JawaTimur,Tuban,Tuban
Pakis,-7.0271099,112.0521757,JawaTimur,Tuban,Grabagan
Telo,-7.0222988,112.0502798,JawaTimur,Tuban,Grabagan
Pancuran,-7.0296746,112.0527981,JawaTimur,Tuban,Grabagan
Menyunyur,-7.0273962,112.0346437,JawaTimur,Tuban,Grabagan
Sendang Wetan,-7.022664,112.0371807,JawaTimur,Tuban,Grabagan
Sendang Kulon,-7.0283545,112.0346437,JawaTimur,Tuban,Grabagan
Dahor,-7.0242916,112.021968,JawaTimur,Tuban,Grabagan
Dermawuharjo,-6.9955743,112.0339498,JawaTimur,Tuban,Grabagan
Berus,-6.9955743,112.041547,JawaTimur,Tuban,Grabagan
Dermawan,-6.9984716,112.0200552,JawaTimur,Tuban,Grabagan
Pambuhan,-6.9854586,111.9824871,JawaTimur,Tuban,Grabagan
Banaran,-6.9357204,112.0518619,JawaTimur,Tuban,Semanding
Kalangan,-6.8752759,112.0263465,JawaTimur,Tuban,Tuban
Sambungrejo,-7.029013,112.0220385,JawaTimur,Tuban,Grabagan
Sumberagung,-7.0190747,112.021968,JawaTimur,Tuban,Grabagan
Karean,-6.9912275,112.0086663,JawaTimur,Tuban,Grabagan
Gesik,-6.9831381,112.0010227,JawaTimur,Tuban,Grabagan
Ngandong,-7.0249756,112.0078922,JawaTimur,Tuban,Grabagan
Banteng,-7.0139847,112.0133244,JawaTimur,Tuban,Grabagan
Ngesong,-7.0164945,112.0040771,JawaTimur,Tuban,Grabagan
Secang,-7.0284475,112.0060353,JawaTimur,Tuban,Grabagan
Gembong,-7.0372628,112.0111498,JawaTimur,Tuban,Grabagan
Dlupang,-6.9133081,112.0344878,JawaTimur,Tuban,Semanding
Karang Indah,-6.9052153,112.0439148,JawaTimur,Tuban,Semanding
Panjen,-6.9204128,112.0483214,JawaTimur,Tuban,Semanding
Klagen,-6.9168962,112.0479601,JawaTimur,Tuban,Semanding
Kesambi,-6.9109383,112.0438726,JawaTimur,Tuban,Semanding
Mulung,-6.8787452,112.0061186,JawaTimur,Tuban,Merakurak
Dasin,-6.878304,112.0414547,JawaTimur,Tuban,Jenu
Gayam,-7.1789555,111.7065441,JawaTimur,Bojonegoro,Ngasem
Purwosari,-7.2168046,111.667445,JawaTimur,Bojonegoro,Purwosari
Malo,-7.116189,111.7159875,JawaTimur,Bojonegoro,Malo
Kalitidu,-7.1524664,111.7827754,JawaTimur,Bojonegoro,Kalitidu
Kasiman,-7.113525,111.6393691,JawaTimur,Bojonegoro,Kasiman
Padangan,-7.1807654,111.6110615,JawaTimur,Bojonegoro,Padangan
Kedewan,-7.0571078,111.6541251,JawaTimur,Bojonegoro,Kedewan
Trucuk,-7.1214952,111.8111155,JawaTimur,Bojonegoro,Trucuk
Bojonegoro,-7.1585691,111.8933674,JawaTimur,Bojonegoro,Bojonegoro
Dander,-7.2262814,111.8479819,JawaTimur,Bojonegoro,Dander
Sumber,-6.8585592,111.9883945,JawaTimur,Tuban,Merakurak
Plosokerep,-6.8571494,111.9926118,JawaTimur,Tuban,Merakurak
Purwoasri,-7.6369212,112.1334634,JawaTimur,Kediri,Purwoasri
Papar,-7.7046685,112.0773856,JawaTimur,Kediri,Papar
Kayen Kidul,-7.7415292,112.0934886,JawaTimur,Kediri,KayenKidul
Gampengrejo,-7.7664451,112.029825,JawaTimur,Kediri,Gampengrejo
Mojoroto,-7.8057688,111.9823035,JawaTimur,KotaKediri,Mojoroto
Kota,-7.8243271,112.0178547,JawaTimur,KotaKediri,KotaKediri
Pesantren,-7.8475712,112.0494954,JawaTimur,KotaKediri,Pesantren
Pagu,-7.7804357,112.0873318,JawaTimur,Kediri,Pagu
Ngasem,-7.8013811,112.0445871,JawaTimur,Kediri,Ngasem
Kunjang,-7.6605355,112.178782,JawaTimur,Kediri,Kunjang
Plemahan,-7.7085484,112.1542123,JawaTimur,Kediri,Plemahan
Ngambon,-7.3257999,111.7161488,JawaTimur,Bojonegoro,Ngambon
Ngasem,-7.2586186,111.7570003,JawaTimur,Bojonegoro,Ngasem
Tambakrejo,-7.2907191,111.6386337,JawaTimur,Bojonegoro,Tambakrejo
Sekar,-7.4069719,111.7061615,JawaTimur,Bojonegoro,Sekar
Bader,-6.8650633,111.6511715,JawaTimur,Tuban,Jatirogo
Mulyorejo,-6.8679465,111.6598063,JawaTimur,Tuban,Jatirogo
Karang Pandak,-6.8580182,111.6617813,JawaTimur,Tuban,Jatirogo
Bader,-6.8629075,111.6576296,JawaTimur,Tuban,Jatirogo
Bandungrejo,-7.0712671,112.107771,JawaTimur,Tuban,Plumpang
Sidomulyo,-7.0646854,112.107771,JawaTimur,Tuban,Plumpang
Sidodadi,-7.0776012,112.1091235,JawaTimur,Tuban,Plumpang
Bandungrejo,-7.0853582,112.1090676,JawaTimur,Tuban,Plumpang
Bangilan,-6.963672,111.7069467,JawaTimur,Tuban,Bangilan
Pulut,-6.9711032,111.7132976,JawaTimur,Tuban,Bangilan
Sambong Lombok,-6.9578413,111.7067631,JawaTimur,Tuban,Bangilan
Karang Tengah,-6.9653194,111.708393,JawaTimur,Tuban,Bangilan
Bancar,-6.7911676,111.7837823,JawaTimur,Tuban,Bancar
Bancar,-6.8107074,111.742023,JawaTimur,Tuban,Bancar
Badas,-7.7257629,112.2047681,JawaTimur,Kediri,Badas
Kandangan,-7.7498808,112.3277592,JawaTimur,Kediri,Kandangan
Tarokan,-7.7252743,111.9309234,JawaTimur,Kediri,Tarokan
Grogol,-7.7560794,111.9202299,JawaTimur,Kediri,Tarokan
Banyakan,-7.7864872,111.9186141,JawaTimur,Kediri,Banyakan
Kepung,-7.8437018,112.2698968,JawaTimur,Kediri,Kepung
Pare,-7.7846874,112.1769887,JawaTimur,Kediri,Pare
Semen,-7.8385533,111.9025932,JawaTimur,Kediri,Semen
Mojo,-7.9052387,111.8959638,JawaTimur,Kediri,Mojo
Bangunrejo,-7.100281,111.9459171,JawaTimur,Tuban,Soko
Rekul,-7.104695,111.9527153,JawaTimur,Tuban,Soko
Lambangan,-7.0987497,111.9413567,JawaTimur,Tuban,Soko
Banjar,-7.06391,112.1790115,JawaTimur,Tuban,Widang
Banjaragung,-7.0433309,112.046815,JawaTimur,Tuban,Rengel
Gumeng,-7.0434153,112.0430362,JawaTimur,Tuban,Rengel
Banjarjo,-7.0433309,112.0509571,JawaTimur,Tuban,Rengel
Paloh,-6.7926667,111.7909798,JawaTimur,Tuban,Bancar
Bancar,-6.7879456,111.7778795,JawaTimur,Tuban,Bancar
Tara'an,-6.9029367,112.0017132,JawaTimur,Tuban,Merakurak
Bakalan,-6.9154279,111.9951684,JawaTimur,Tuban,Merakurak
Karangrejo,-6.927762,111.9881041,JawaTimur,Tuban,Merakurak
Becok,-6.936122,111.9647837,JawaTimur,Tuban,Merakurak
Puncu,-7.8566272,112.2342306,JawaTimur,Kediri,Puncu
Beciro,-7.4132939,112.6394307,JawaTimur,Sidoarjo,Wonoayu
Ngengor,-7.4137007,112.6456503,JawaTimur,Sidoarjo,Wonoayu
Becirongengor,-7.4137007,112.642617,JawaTimur,Sidoarjo,Wonoayu
Doromukti,-6.90055,112.0574572,JawaTimur,Tuban,Tuban
Sidorejo,-6.9012728,112.0482364,JawaTimur,Tuban,Tuban
Ronggomulyo,-6.8947466,112.0532426,JawaTimur,Tuban,Tuban
Sidomulyo,-6.8949878,112.0603767,JawaTimur,Tuban,Tuban
Kebonsari,-6.9025027,112.0636976,JawaTimur,Tuban,Tuban
Meduran,-6.8919365,112.0616347,JawaTimur,Tuban,Tuban
Margomulyo,-7.3101306,111.4904176,JawaTimur,Bojonegoro,Margomulyo
Ngraho,-7.2555592,111.5404124,JawaTimur,Bojonegoro,Ngraho
Bubulan,-7.3171483,111.8357643,JawaTimur,Bojonegoro,Bubulan
Gondang,-7.404134,111.8399563,JawaTimur,Bojonegoro,Gondang
Temayang,-7.3573647,111.9228018,JawaTimur,Bojonegoro,Temayang
Kawatan,-6.8940002,112.0679269,JawaTimur,Tuban,Tuban
Mondokan Kidul,-6.8860844,112.0223783,JawaTimur,Tuban,Tuban
Watulumur,-6.896843,112.0597088,JawaTimur,Tuban,Tuban
Mekikis,-7.6051773,112.1137803,JawaTimur,Kediri,Purwoasri
Karangpakis,-7.6141169,112.1302283,JawaTimur,Kediri,Purwoasri
Muneng,-7.6218973,112.11368,JawaTimur,Kediri,Purwoasri
Merjoyo,-7.6152964,112.117153,JawaTimur,Kediri,Purwoasri
Purwodadi,-7.6317257,112.1126177,JawaTimur,Kediri,Purwoasri
Purwoasri,-7.643135,112.1044578,JawaTimur,Kediri,Purwoasri
Wonotengah,-7.6562726,112.1130594,JawaTimur,Kediri,Purwoasri
Pandansari,-7.6449134,112.1167061,JawaTimur,Kediri,Purwoasri
Mranggen,-7.6581776,112.0912342,JawaTimur,Kediri,Purwoasri
Pesing,-7.6648303,112.0997395,JawaTimur,Kediri,Purwoasri
Jantok,-7.6698352,112.1070583,JawaTimur,Kediri,Purwoasri
Ketawang,-7.6609955,112.1257184,JawaTimur,Kediri,Purwoasri
Blawe,-7.6490236,112.1290052,JawaTimur,Kediri,Purwoasri
Bulu,-7.6339217,112.1228121,JawaTimur,Kediri,Purwoasri
Belor,-7.6577462,112.1381724,JawaTimur,Kediri,Purwoasri
Tugu,-7.6388429,112.1371985,JawaTimur,Kediri,Purwoasri
Woromarto,-7.6244944,112.1382075,JawaTimur,Kediri,Purwoasri
Dayu,-7.6153338,112.1428439,JawaTimur,Kediri,Purwoasri
Klampitan,-7.6322091,112.1432091,JawaTimur,Kediri,Purwoasri
Dawuhan,-7.6161389,112.1508578,JawaTimur,Kediri,Purwoasri
Kempleng,-7.6253845,112.1583677,JawaTimur,Kediri,Purwoasri
Sumberjo,-7.6249574,112.1711696,JawaTimur,Kediri,Purwoasri
Mbrayo,-6.8952488,112.0718917,JawaTimur,Tuban,Tuban
Kemuning,-6.896158,112.0574637,JawaTimur,Tuban,Tuban
Sidomulyo,-7.6409404,112.1578672,JawaTimur,Kediri,Purwoasri
Mondokan Lor,-6.8830163,112.0235711,JawaTimur,Tuban,Tuban
Sukorame,-7.8036178,111.9801208,JawaTimur,KotaKediri,Mojoroto
Dermo,-7.7754818,112.003751,JawaTimur,KotaKediri,Mojoroto
Mrican,-7.7813887,111.9998154,JawaTimur,KotaKediri,Mojoroto
Gayam,-7.789724,111.9863379,JawaTimur,KotaKediri,Mojoroto
Mojoroto,-7.8030594,112.0007897,JawaTimur,KotaKediri,Mojoroto
Bujel,-7.7997217,111.9895641,JawaTimur,KotaKediri,Mojoroto
Ngampel,-7.793695,111.9955626,JawaTimur,KotaKediri,Mojoroto
Lirboyo,-7.8230723,111.9946417,JawaTimur,KotaKediri,Mojoroto
Campurejo,-7.8225881,111.9830802,JawaTimur,KotaKediri,Mojoroto
Pojok,-7.812162,111.9745164,JawaTimur,KotaKediri,Mojoroto
Tamanan,-7.8339545,111.9884488,JawaTimur,KotaKediri,Mojoroto
Banjarmlati,-7.8349148,111.9996273,JawaTimur,KotaKediri,Mojoroto
Bandar Kidul,-7.8301863,112.0005944,JawaTimur,KotaKediri,Mojoroto
Bandar Lor,-7.8185902,112.0029579,JawaTimur,KotaKediri,Mojoroto
Pocanan,-7.81253,112.0112867,JawaTimur,KotaKediri,KotaKediri
Semampir,-7.8003117,112.009572,JawaTimur,KotaKediri,Mojoroto
Balowerti,-7.8067465,112.0151795,JawaTimur,KotaKediri,KotaKediri
Setonogedong,-7.8167927,112.0120092,JawaTimur,KotaKediri,KotaKediri
Pakelan,-7.8171335,112.0107732,JawaTimur,KotaKediri,KotaKediri
Kemasan,-7.8188808,112.0158843,JawaTimur,KotaKediri,KotaKediri
Dandangan,-7.8086341,112.0215948,JawaTimur,KotaKediri,KotaKediri
Jagalan,-7.8207108,112.0154681,JawaTimur,KotaKediri,KotaKediri
Ringinanom,-7.8222578,112.0103907,JawaTimur,KotaKediri,KotaKediri
Setonopande,-7.8240603,112.0148473,JawaTimur,KotaKediri,KotaKediri
Kampung Dalem,-7.8267022,112.0133066,JawaTimur,KotaKediri,KotaKediri
Kaliombo,-7.8336745,112.0162998,JawaTimur,KotaKediri,KotaKediri
Ngadirejo,-7.8072966,112.0278373,JawaTimur,KotaKediri,KotaKediri
Banjaran,-7.8165553,112.0283575,JawaTimur,KotaKediri,KotaKediri
Jamsaren,-7.8224933,112.0206147,JawaTimur,KotaKediri,Pesantren
Singonegaran,-7.833041,112.024861,JawaTimur,KotaKediri,Pesantren
Tinalan,-7.8280594,112.0282406,JawaTimur,KotaKediri,Pesantren
Pakunden,-7.8270604,112.0236219,JawaTimur,KotaKediri,Pesantren
Tosaren,-7.8329363,112.024524,JawaTimur,KotaKediri,Pesantren
Ngronggo,-7.8426092,112.0202873,JawaTimur,KotaKediri,KotaKediri
Manisrenggo,-7.8504197,112.0078206,JawaTimur,KotaKediri,KotaKediri
Rejomulyo,-7.8512422,112.022225,JawaTimur,KotaKediri,KotaKediri
Burengan,-7.8230504,112.0341715,JawaTimur,KotaKediri,Pesantren
Kedungnoyo,-7.4875256,111.8784473,JawaTimur,Nganjuk,Rejoso
Krajan,-7.7326542,113.5044553,JawaTimur,Probolinggo,Paiton
Mojokencot,-7.6089622,112.5000863,JawaTimur,Mojokerto,Dlanggu
Pare,-7.7709326,112.1987601,JawaTimur,Kediri,Pare
Tempurejo,-7.8969195,112.1534314,JawaTimur,Kediri,Wates
Plosoklaten,-7.8734594,112.2047565,JawaTimur,Kediri,Plosoklaten
Gurah,-7.8225236,112.1097491,JawaTimur,Kediri,Gurah
Wates,-7.902602,112.1127867,JawaTimur,Kediri,Wates
Ngancar,-7.9396897,112.204043,JawaTimur,Kediri,Ngancar
Tulungrejo,-7.7568133,112.1893733,JawaTimur,Kediri,Pare
Pelem,-7.7623629,112.1688089,JawaTimur,Kediri,Pare
Tertek,-7.7722708,112.2138698,JawaTimur,Kediri,Pare
Alas Mlati,-7.1466976,111.7033083,JawaTimur,Bojonegoro,Kalitidu
Glondonggede,-6.7922569,111.8851155,,,
Merkawang,-6.8112053,111.8802804,JawaTimur,Tuban,Tambakboyo
Sawir,-6.815865,111.8665594,JawaTimur,Tuban,Tambakboyo
Sobontoro,-6.8029263,111.8614747,JawaTimur,Tuban,Tambakboyo
Kenanti,-6.8032276,111.849108,JawaTimur,Tuban,Tambakboyo
Tambakboyo,-6.8040108,111.8431544,JawaTimur,Tuban,Tambakboyo
Pabeyan,-6.807456,111.8359303,JawaTimur,Tuban,Tambakboyo
Gadon,-6.801788,111.828874,JawaTimur,Tuban,Tambakboyo
Dasin,-6.8210951,111.8483334,JawaTimur,Tuban,Tambakboyo
Klutuk,-6.8275929,111.8392302,JawaTimur,Tuban,Tambakboyo
Pulogede,-6.8094638,111.825716,JawaTimur,Tuban,Tambakboyo
Sotang,-6.8278957,111.8261543,JawaTimur,Tuban,Tambakboyo
